{
	"description": "项目配置文件",
	"packOptions": {
		"ignore": []
	},
	"setting": {
		"urlCheck": false,
		"es6": true,
		"postcss": true,
		"minified": true,
		"newFeature": true,
		"autoAudits": false
	},
	"compileType": "miniprogram",
	"libVersion": "2.4.2",
	"appid": "wxc799ef9d6bcbe66d",
	"projectname": "soul-weapp",
	"debugOptions": {
		"hidedInDevtools": []
	},
	"isGameTourist": false,
	"simulatorType": "wechat",
	"simulatorPluginLibVersion": {},
	"condition": {
		"search": {
			"current": -1,
			"list": []
		},
		"conversation": {
			"current": -1,
			"list": []
		},
		"plugin": {
			"current": -1,
			"list": []
		},
		"game": {
			"currentL": -1,
			"list": []
		},
		"miniprogram": {
			"current": 3,
			"list": [
				{
					"id": -1,
					"name": "wheel",
					"pathName": "pages/wheel/index",
					"query": ""
				},
				{
					"id": -1,
					"name": "红包雨",
					"pathName": "pages/packetRain/index",
					"query": ""
				},
				{
					"id": -1,
					"name": "九宫格",
					"pathName": "pages/gridCard/index",
					"query": ""
				},
				{
					"id": -1,
					"name": "下载图片",
					"pathName": "pages/saveImgs/index",
					"scene": null
				}
			]
		}
	}
}